,Cnsmr,Manuf,HiTec,Hlth,Other
R^2,0.5485008727144471,0.5815964062075991,0.6183759681867761,0.1642496787477733,0.7060456747217561
adj_R^2,0.4756784328296805,0.5141119555959215,0.5420511618241313,0.14037109814056692,0.6586336867736522
p-values,"[['const', 'UMCSENTx', 'neu_g', 'neg_s', 'pos_s', 'neg_s_r'], [0.0008199621480082679, 9.493985262725936e-05, 0.003651885961074972, 0.48849486133455666, 0.05340364459302644, 0.1473291991450819]]","[['const', 'UMCSENTx', 'neg_s', 'DNDGRG3M086SBEA', 'neg_s_r', 'neg_g_r'], [0.006755714123659368, 2.6263278848432726e-06, 0.00035980537303977435, 0.002877518123648982, 0.05470770544528723, 0.19065984772706085]]","[['const', 'UMCSENTx', 'VXOCLSx', 'UEMPMEAN', 'neu_s', 'UEMP5TO14', 'AMDMNOx'], [0.003675713794275113, 0.17700398807594997, 8.900908078981196e-05, 0.011222709029720094, 0.05805029046044879, 0.09686085064265006, 0.1992224059189916]]","[['const', 'IPB51222S'], [0.014772345192573985, 0.012831709941039441]]","[['const', 'VXOCLSx', 'UMCSENTx', 'IPDCONGD', 'USGOVT', 'mean_g'], [0.11080198627337177, 3.058183641494668e-08, 2.0116691964193398e-05, 0.004137614224399346, 0.008225924993362825, 0.06517697110028332]]"
params,"[['const', 'UMCSENTx', 'neu_g', 'neg_s', 'pos_s', 'neg_s_r'], [0.6194239450966106, -0.005679163905356629, 0.002939100075078931, -0.0036696709364062367, -0.01570777478042803, -0.19634360580962232]]","[['const', 'UMCSENTx', 'neg_s', 'DNDGRG3M086SBEA', 'neg_s_r', 'neg_g_r'], [-5.429008575166718, -0.009610333350660843, -0.017831426896872914, 0.06355298057148177, 0.15113374300778964, 0.2238211270269434]]","[['const', 'UMCSENTx', 'VXOCLSx', 'UEMPMEAN', 'neu_s', 'UEMP5TO14', 'AMDMNOx'], [0.8483465500422513, -0.002585446680925677, -0.005071101193854984, -0.012363755804283312, 0.004241635139388413, -8.858941717906443e-06, -1.1709864186156415e-06]]","[['const', 'IPB51222S'], [-0.3477136071691739, 0.0032611242999223628]]","[['const', 'VXOCLSx', 'UMCSENTx', 'IPDCONGD', 'USGOVT', 'mean_g'], [-0.7954596833427676, -0.0047489508275208245, -0.00604107911535713, -0.001680880085866383, 7.366118765243703e-05, 0.2721309038705849]]"
